{"stats":{"minecraft:used":{"minecraft:dirt":4,"minecraft:bamboo_chest_raft":1,"minecraft:grass_block":26},"minecraft:custom":{"minecraft:jump":14,"minecraft:time_since_rest":20418,"minecraft:damage_dealt":200,"minecraft:crouch_one_cm":17,"minecraft:leave_game":1,"minecraft:sprint_one_cm":549,"minecraft:play_time":20418,"minecraft:walk_on_water_one_cm":111,"minecraft:time_since_death":20418,"minecraft:walk_one_cm":2697,"minecraft:sneak_time":35,"minecraft:total_world_time":20418,"minecraft:walk_under_water_one_cm":139,"minecraft:mob_kills":1,"minecraft:boat_one_cm":2990,"minecraft:fly_one_cm":183810},"minecraft:killed":{"minecraft:creeper":1}},"DataVersion":3465}