{"stats":{"minecraft:used":{"minecraft:dirt":4,"minecraft:bamboo_chest_raft":1,"minecraft:grass_block":26},"minecraft:killed":{"minecraft:creeper":1},"minecraft:custom":{"minecraft:jump":18,"minecraft:time_since_rest":22012,"minecraft:damage_dealt":220,"minecraft:crouch_one_cm":406,"minecraft:leave_game":1,"minecraft:play_time":22012,"minecraft:sprint_one_cm":636,"minecraft:time_since_death":22012,"minecraft:walk_on_water_one_cm":111,"minecraft:walk_one_cm":3821,"minecraft:sneak_time":107,"minecraft:walk_under_water_one_cm":139,"minecraft:total_world_time":22012,"minecraft:mob_kills":1,"minecraft:boat_one_cm":2990,"minecraft:fly_one_cm":243212}},"DataVersion":3465}