{"stats":{"minecraft:used":{"minecraft:lever":1,"minecraft:torch":22,"minecraft:stone_sword":2,"minecraft:dirt":4,"minecraft:cobblestone_stairs":2,"minecraft:flint_and_steel":2,"minecraft:bamboo_chest_raft":2,"minecraft:grass_block":26,"minecraft:end_portal_frame":5,"minecraft:green_bed":3,"minecraft:obsidian":6},"minecraft:mined":{"minecraft:grass_block":1,"minecraft:dirt":1},"minecraft:killed":{"minecraft:skeleton":1,"minecraft:creeper":1},"minecraft:custom":{"minecraft:open_chest":4,"minecraft:time_since_rest":34012,"minecraft:crouch_one_cm":1208,"minecraft:sprint_one_cm":14380,"minecraft:play_time":34012,"minecraft:damage_taken":180,"minecraft:walk_one_cm":15461,"minecraft:sneak_time":762,"minecraft:walk_under_water_one_cm":139,"minecraft:mob_kills":2,"minecraft:drop":4,"minecraft:boat_one_cm":2990,"minecraft:jump":56,"minecraft:damage_dealt":309,"minecraft:leave_game":1,"minecraft:walk_on_water_one_cm":111,"minecraft:time_since_death":34012,"minecraft:climb_one_cm":114,"minecraft:total_world_time":34012,"minecraft:fall_one_cm":4461,"minecraft:fly_one_cm":452955},"minecraft:dropped":{"minecraft:golden_carrot":64,"minecraft:stone_sword":1,"minecraft:bone":2},"minecraft:picked_up":{"minecraft:bone":2}},"DataVersion":3465}