{"stats":{"minecraft:used":{"minecraft:water_bucket":5,"minecraft:lever":1,"minecraft:ender_eye":56,"minecraft:amethyst_block":100,"minecraft:lava_bucket":14,"minecraft:stone_sword":2,"minecraft:cobblestone_stairs":2,"minecraft:warped_fungus_on_a_stick":47,"minecraft:flint_and_steel":2,"minecraft:grass_block":26,"minecraft:netherite_axe":7,"minecraft:spawner":2,"minecraft:axolotl_spawn_egg":5,"minecraft:wither_skeleton_spawn_egg":2,"minecraft:green_bed":3,"minecraft:torch":22,"minecraft:mooshroom_spawn_egg":2,"minecraft:fishing_rod":19,"minecraft:bow":38,"minecraft:dirt":4,"minecraft:anvil":1,"minecraft:skeleton_spawn_egg":2,"minecraft:stray_spawn_egg":3,"minecraft:bamboo_chest_raft":2,"minecraft:phantom_spawn_egg":1,"minecraft:bucket":3,"minecraft:netherite_helmet":1,"minecraft:end_portal_frame":69,"minecraft:polar_bear_spawn_egg":1,"minecraft:end_stone":1,"minecraft:allay_spawn_egg":4,"minecraft:enchanted_golden_apple":4,"minecraft:pillager_spawn_egg":2,"minecraft:obsidian":10},"minecraft:mined":{"minecraft:grass_block":1,"minecraft:dirt":1},"minecraft:killed":{"minecraft:skeleton":1,"minecraft:wither_skeleton":1,"minecraft:creeper":1},"minecraft:custom":{"minecraft:time_since_rest":13255,"minecraft:damage_absorbed":174,"minecraft:walk_one_cm":35820,"minecraft:sprint_one_cm":22376,"minecraft:damage_taken":180,"minecraft:trigger_trapped_chest":12,"minecraft:interact_with_anvil":8,"minecraft:mob_kills":3,"minecraft:drop":7,"minecraft:damage_dealt":660,"minecraft:damage_dealt_absorbed":3,"minecraft:fly_one_cm":565067,"minecraft:open_chest":4,"minecraft:strider_one_cm":36066,"minecraft:crouch_one_cm":4921,"minecraft:play_time":58012,"minecraft:deaths":1,"minecraft:sneak_time":2197,"minecraft:walk_under_water_one_cm":139,"minecraft:boat_one_cm":2990,"minecraft:jump":286,"minecraft:leave_game":1,"minecraft:time_since_death":13228,"minecraft:walk_on_water_one_cm":860,"minecraft:damage_resisted":120,"minecraft:total_world_time":58012,"minecraft:climb_one_cm":114,"minecraft:fall_one_cm":12607},"minecraft:dropped":{"minecraft:golden_carrot":64,"minecraft:stone_sword":1,"minecraft:netherite_helmet":1,"minecraft:end_portal_frame":64,"minecraft:ender_eye":64,"minecraft:bone":2},"minecraft:picked_up":{"minecraft:bone":2,"minecraft:netherite_helmet":1,"minecraft:coal":1}},"DataVersion":3465}