{"stats":{"minecraft:used":{"minecraft:bamboo_chest_raft":1},"minecraft:custom":{"minecraft:jump":12,"minecraft:time_since_rest":11383,"minecraft:damage_dealt":70,"minecraft:crouch_one_cm":17,"minecraft:sprint_one_cm":490,"minecraft:play_time":11383,"minecraft:walk_on_water_one_cm":111,"minecraft:time_since_death":11383,"minecraft:walk_one_cm":1819,"minecraft:sneak_time":13,"minecraft:total_world_time":11383,"minecraft:walk_under_water_one_cm":139,"minecraft:boat_one_cm":2990,"minecraft:fly_one_cm":19340}},"DataVersion":3465}