{"stats":{"minecraft:used":{"minecraft:lever":1,"minecraft:ender_eye":49,"minecraft:lava_bucket":14,"minecraft:stone_sword":2,"minecraft:cobblestone_stairs":2,"minecraft:warped_fungus_on_a_stick":47,"minecraft:flint_and_steel":2,"minecraft:grass_block":26,"minecraft:spawner":2,"minecraft:axolotl_spawn_egg":5,"minecraft:wither_skeleton_spawn_egg":2,"minecraft:green_bed":3,"minecraft:torch":22,"minecraft:mooshroom_spawn_egg":2,"minecraft:fishing_rod":19,"minecraft:dirt":4,"minecraft:skeleton_spawn_egg":2,"minecraft:stray_spawn_egg":3,"minecraft:bamboo_chest_raft":2,"minecraft:phantom_spawn_egg":1,"minecraft:netherite_helmet":1,"minecraft:end_portal_frame":69,"minecraft:polar_bear_spawn_egg":1,"minecraft:allay_spawn_egg":4,"minecraft:pillager_spawn_egg":2,"minecraft:obsidian":8},"minecraft:mined":{"minecraft:grass_block":1,"minecraft:dirt":1},"minecraft:killed":{"minecraft:skeleton":1,"minecraft:wither_skeleton":1,"minecraft:creeper":1},"minecraft:custom":{"minecraft:time_since_rest":1255,"minecraft:walk_one_cm":29836,"minecraft:sprint_one_cm":15141,"minecraft:damage_taken":180,"minecraft:mob_kills":3,"minecraft:drop":5,"minecraft:damage_dealt":660,"minecraft:fly_one_cm":470657,"minecraft:open_chest":4,"minecraft:strider_one_cm":36066,"minecraft:crouch_one_cm":3255,"minecraft:play_time":46012,"minecraft:deaths":1,"minecraft:sneak_time":1372,"minecraft:walk_under_water_one_cm":139,"minecraft:boat_one_cm":2990,"minecraft:jump":95,"minecraft:leave_game":1,"minecraft:time_since_death":1228,"minecraft:walk_on_water_one_cm":270,"minecraft:total_world_time":46012,"minecraft:climb_one_cm":114,"minecraft:fall_one_cm":4461},"minecraft:dropped":{"minecraft:golden_carrot":64,"minecraft:stone_sword":1,"minecraft:netherite_helmet":1,"minecraft:bone":2},"minecraft:picked_up":{"minecraft:bone":2,"minecraft:netherite_helmet":1,"minecraft:coal":1}},"DataVersion":3465}