{"stats":{"minecraft:picked_up":{"minecraft:feather":1,"minecraft:chicken":1,"minecraft:wheat_seeds":1,"minecraft:bone_meal":1},"minecraft:used":{"minecraft:trident":5,"minecraft:end_crystal":15,"minecraft:obsidian":9},"minecraft:mined":{"minecraft:grass":3,"minecraft:tall_grass":1},"minecraft:custom":{"minecraft:time_since_rest":7373,"minecraft:crouch_one_cm":45,"minecraft:play_time":7373,"minecraft:sprint_one_cm":4888,"minecraft:walk_one_cm":2415,"minecraft:sneak_time":49,"minecraft:walk_under_water_one_cm":1980,"minecraft:mob_kills":3,"minecraft:drop":1,"minecraft:jump":77,"minecraft:leave_game":1,"minecraft:time_since_death":7373,"minecraft:walk_on_water_one_cm":969,"minecraft:total_world_time":7373,"minecraft:fall_one_cm":1997,"minecraft:fly_one_cm":154615},"minecraft:dropped":{"minecraft:wheat_seeds":1},"minecraft:killed":{"minecraft:chicken":1,"minecraft:salmon":2}},"DataVersion":3465}