{"stats":{"minecraft:used":{"minecraft:netherite_sword":13,"minecraft:ender_eye":12,"minecraft:water_bucket":14,"minecraft:amethyst_block":41,"minecraft:warped_fungus_on_a_stick":92,"minecraft:netherite_chestplate":1,"minecraft:axolotl_spawn_egg":120,"minecraft:netherite_boots":1,"minecraft:dirt":1,"minecraft:golden_carrot":5,"minecraft:bow":40,"minecraft:netherite_leggings":1,"minecraft:bamboo_chest_raft":3,"minecraft:crafting_table":1,"minecraft:bucket":1,"minecraft:netherite_helmet":1,"minecraft:end_portal_frame":12,"minecraft:trapped_chest":2,"minecraft:acacia_planks":4,"minecraft:enchanted_golden_apple":2},"minecraft:crafted":{"minecraft:crafting_table":1,"minecraft:acacia_planks":8},"minecraft:mined":{"minecraft:acacia_leaves":2,"minecraft:grass":9,"minecraft:acacia_log":2,"minecraft:grass_block":4},"minecraft:custom":{"minecraft:time_since_rest":39730,"minecraft:damage_absorbed":9,"minecraft:sprint_one_cm":27030,"minecraft:damage_taken":472,"minecraft:walk_one_cm":61394,"minecraft:trigger_trapped_chest":7,"minecraft:interact_with_anvil":2,"minecraft:mob_kills":1,"minecraft:drop":7,"minecraft:damage_dealt":295,"minecraft:damage_dealt_absorbed":1,"minecraft:interact_with_crafting_table":1,"minecraft:fly_one_cm":192508,"minecraft:open_chest":2,"minecraft:strider_one_cm":47396,"minecraft:crouch_one_cm":1562,"minecraft:play_time":39730,"minecraft:sneak_time":1523,"minecraft:walk_under_water_one_cm":65,"minecraft:boat_one_cm":30766,"minecraft:jump":284,"minecraft:time_since_death":39730,"minecraft:walk_on_water_one_cm":488,"minecraft:total_world_time":39730,"minecraft:climb_one_cm":145,"minecraft:damage_resisted":80,"minecraft:fall_one_cm":10676},"minecraft:dropped":{"minecraft:netherite_sword":1,"minecraft:warped_fungus_on_a_stick":1,"minecraft:arrow":3,"minecraft:bone":2},"minecraft:picked_up":{"minecraft:bamboo_chest_raft":2,"minecraft:golden_carrot":64,"minecraft:acacia_log":2,"minecraft:end_portal_frame":64,"minecraft:dirt":1,"minecraft:arrow":1,"minecraft:bone":2,"minecraft:netherite_sword":1,"minecraft:ender_eye":64}},"DataVersion":3465}