{"stats":{"minecraft:used":{"minecraft:water_bucket":13,"minecraft:dirt":1,"minecraft:golden_carrot":5,"minecraft:warped_fungus_on_a_stick":92,"minecraft:bamboo_chest_raft":3,"minecraft:crafting_table":1,"minecraft:axolotl_spawn_egg":109,"minecraft:acacia_planks":4},"minecraft:crafted":{"minecraft:acacia_planks":8,"minecraft:crafting_table":1},"minecraft:mined":{"minecraft:grass":9,"minecraft:acacia_log":2,"minecraft:grass_block":4,"minecraft:acacia_leaves":2},"minecraft:custom":{"minecraft:open_chest":2,"minecraft:time_since_rest":27730,"minecraft:crouch_one_cm":1459,"minecraft:play_time":27730,"minecraft:sprint_one_cm":18689,"minecraft:damage_taken":365,"minecraft:walk_one_cm":29187,"minecraft:sneak_time":1303,"minecraft:mob_kills":1,"minecraft:drop":6,"minecraft:boat_one_cm":27780,"minecraft:jump":165,"minecraft:damage_dealt":295,"minecraft:walk_on_water_one_cm":396,"minecraft:time_since_death":27730,"minecraft:climb_one_cm":145,"minecraft:total_world_time":27730,"minecraft:interact_with_crafting_table":1,"minecraft:fall_one_cm":5865,"minecraft:fly_one_cm":99822,"minecraft:strider_one_cm":47396},"minecraft:dropped":{"minecraft:arrow":3,"minecraft:bone":2,"minecraft:warped_fungus_on_a_stick":1},"minecraft:picked_up":{"minecraft:bamboo_chest_raft":2,"minecraft:bone":2,"minecraft:arrow":1,"minecraft:golden_carrot":64,"minecraft:acacia_log":2,"minecraft:dirt":1}},"DataVersion":3465}