{"stats":{"minecraft:used":{"minecraft:dirt":1},"minecraft:mined":{"minecraft:grass":8,"minecraft:acacia_log":1,"minecraft:grass_block":2},"minecraft:custom":{"minecraft:jump":47,"minecraft:time_since_rest":3730,"minecraft:crouch_one_cm":16,"minecraft:sprint_one_cm":5110,"minecraft:play_time":3730,"minecraft:damage_taken":20,"minecraft:time_since_death":3730,"minecraft:walk_one_cm":2677,"minecraft:sneak_time":284,"minecraft:total_world_time":3730,"minecraft:fall_one_cm":1161,"minecraft:fly_one_cm":9737},"minecraft:picked_up":{"minecraft:dirt":1}},"DataVersion":3465}