{"stats":{"minecraft:used":{"minecraft:water_bucket":2,"minecraft:dirt":1,"minecraft:golden_carrot":4,"minecraft:bamboo_chest_raft":1,"minecraft:crafting_table":1,"minecraft:acacia_planks":4},"minecraft:crafted":{"minecraft:acacia_planks":8,"minecraft:crafting_table":1},"minecraft:mined":{"minecraft:grass":9,"minecraft:acacia_log":2,"minecraft:grass_block":4,"minecraft:acacia_leaves":2},"minecraft:custom":{"minecraft:open_chest":2,"minecraft:time_since_rest":15730,"minecraft:crouch_one_cm":177,"minecraft:play_time":15730,"minecraft:sprint_one_cm":8744,"minecraft:damage_taken":365,"minecraft:walk_one_cm":19698,"minecraft:sneak_time":904,"minecraft:boat_one_cm":17536,"minecraft:jump":154,"minecraft:damage_dealt":166,"minecraft:walk_on_water_one_cm":396,"minecraft:time_since_death":15730,"minecraft:climb_one_cm":145,"minecraft:total_world_time":15730,"minecraft:interact_with_crafting_table":1,"minecraft:fall_one_cm":5865,"minecraft:fly_one_cm":87958},"minecraft:picked_up":{"minecraft:bamboo_chest_raft":2,"minecraft:bone":2,"minecraft:arrow":1,"minecraft:golden_carrot":64,"minecraft:acacia_log":2,"minecraft:dirt":1}},"DataVersion":3465}